input_id,link,title,category,address,open_hours,popular_times,website,phone,plus_code,review_count,review_rating,reviews_per_rating,latitude,longitude,cid,status,descriptions,reviews_link,thumbnail,timezone,price_range,data_id,images,reservations,order_online,menu,owner,complete_address,about,user_reviews,user_reviews_extended,emails
construction company in alabama,https://www.google.com/maps?cid=1380725856720435640,South Alabama Construction,Construction company,"1700 Wicksburg Rd, Newton, AL 36352",null,null,southalabamaconstruction.com/?utm_source=gmb&utm_medium=organic,(334) 400-6004,,0,4.800000,null,31.227535,-85.641540,1380725856720435640,,,https://search.google.com/local/reviews?placeid=ChIJc8dhUGNhkogRuLkE7tlSKRM&authuser=0&hl=en&gl=US,,,,,null,null,null,"{""link"":"""",""source"":""""}","{""id"":"""",""name"":"""",""link"":""""}","{""borough"":"""",""street"":"""",""city"":"""",""postal_code"":"""",""state"":"""",""country"":""""}",null,null,null,southalabamaconstruction@gmail.com
construction company in alabama,https://www.google.com/maps?cid=11309810384457253891,Rives Construction Company Inc.,Construction company,"5200 Grantswood Rd, Birmingham, AL 35210",null,null,rives.com/,(205) 443-5000,,0,4.600000,null,33.532707,-86.651530,11309810384457253891,,,https://search.google.com/local/reviews?placeid=ChIJk_Nz-C0SiYgRA0SZap-E9Jw&authuser=0&hl=en&gl=US,https://streetviewpixels-pa.googleapis.com/v1/thumbnail?panoid=g-V9bGQGYkTXXQ4EfL3hbg&cb_client=search.gws-prod.gps&w=80&h=92&yaw=292.12503&pitch=0&thumbfov=100,,,,null,null,null,"{""link"":"""",""source"":""""}","{""id"":"""",""name"":"""",""link"":""""}","{""borough"":"""",""street"":"""",""city"":"""",""postal_code"":"""",""state"":"""",""country"":""""}",null,null,null,
construction company in alabama,https://www.google.com/maps?cid=4196892518516683957,"Russell Construction of Alabama, Inc.",Construction company,"6101 Brewbaker Blvd, Montgomery, AL 36116",null,null,russellala.com/,(334) 215-1617,,0,4.300000,null,32.310664,-86.213831,4196892518516683957,,,https://search.google.com/local/reviews?placeid=ChIJewfHNZeBjogRtXSuboJbPjo&authuser=0&hl=en&gl=US,,,,,null,null,null,"{""link"":"""",""source"":""""}","{""id"":"""",""name"":"""",""link"":""""}","{""borough"":"""",""street"":"""",""city"":"""",""postal_code"":"""",""state"":"""",""country"":""""}",null,null,null,"info@russellala.com, jjames@russellala.com"
construction company in alabama,https://www.google.com/maps?cid=3636932721880403348,"Caddell Construction Co. (DE), LLC",General contractor,"445 Dexter Ave Suite 11000, Montgomery, AL 36104",null,null,www.caddell.com/,(334) 272-7723,,0,4.400000,null,32.378388,-86.302966,3636932721880403348,,,https://search.google.com/local/reviews?placeid=ChIJ0Ryebo8pjIgRlA2tjwr7eDI&authuser=0&hl=en&gl=US,https://streetviewpixels-pa.googleapis.com/v1/thumbnail?panoid=wJk8aQDWS_zKtIAQswBIWw&cb_client=search.gws-prod.gps&w=80&h=92&yaw=270.95547&pitch=0&thumbfov=100,,,,null,null,null,"{""link"":"""",""source"":""""}","{""id"":"""",""name"":"""",""link"":""""}","{""borough"":"""",""street"":"""",""city"":"""",""postal_code"":"""",""state"":"""",""country"":""""}",null,null,null,
construction company in alabama,https://www.google.com/maps?cid=1088186986754566415,Roy Lewis Construction Corporation,Construction company,"1266 Hutson Dr, Mobile, AL 36609",null,null,www.roylewisconstruction.com/,(251) 380-0000,,0,5.000000,null,30.664298,-88.130981,1088186986754566415,,,https://search.google.com/local/reviews?placeid=ChIJMwsEkBBLmogRD2m1ikwEGg8&authuser=0&hl=en&gl=US,,,,,null,null,null,"{""link"":"""",""source"":""""}","{""id"":"""",""name"":"""",""link"":""""}","{""borough"":"""",""street"":"""",""city"":"""",""postal_code"":"""",""state"":"""",""country"":""""}",null,null,null,paul@roylewisconstruction.com
construction company in alabama,https://www.google.com/maps?cid=9572981011071503545,"Alabama Construction Pros, LLC",Construction company,"4144 Carmichael Rd, Montgomery, AL 36106",null,null,alabamaconstructionpros.com/,(334) 310-8455,,0,5.000000,null,32.357624,-86.238913,9572981011071503545,,,https://search.google.com/local/reviews?placeid=ChIJD27ZFeQrjIgRuQx6foIP2oQ&authuser=0&hl=en&gl=US,,,,,null,null,null,"{""link"":"""",""source"":""""}","{""id"":"""",""name"":"""",""link"":""""}","{""borough"":"""",""street"":"""",""city"":"""",""postal_code"":"""",""state"":"""",""country"":""""}",null,null,null,
construction company in alabama,https://www.google.com/maps?cid=8023755924248736953,Dunn Construction Company,Construction company,"39th St N, Birmingham, AL 35222",null,null,www.dunnconstruction.com/,(205) 787-3314,,0,4.700000,null,33.532892,-86.778896,8023755924248736953,,,https://search.google.com/local/reviews?placeid=ChIJKzFFSZMbiYgRuTRIXYAbWm8&authuser=0&hl=en&gl=US,https://streetviewpixels-pa.googleapis.com/v1/thumbnail?panoid=8aVTEuA8_V9VikelWNB9Qg&cb_client=search.gws-prod.gps&w=80&h=92&yaw=63.962437&pitch=0&thumbfov=100,,,,null,null,null,"{""link"":"""",""source"":""""}","{""id"":"""",""name"":"""",""link"":""""}","{""borough"":"""",""street"":"""",""city"":"""",""postal_code"":"""",""state"":"""",""country"":""""}",null,null,null,
construction company in alabama,https://www.google.com/maps?cid=5558890585914376271,Doster Construction Company,General contractor,"2100 International Park Dr, Birmingham, AL 35243",null,null,www.dosterconstruction.com/,(205) 443-3800,,0,4.700000,null,33.411354,-86.757082,5558890585914376271,,,https://search.google.com/local/reviews?placeid=ChIJn9GS3hMYiYgRT4CwHoklJU0&authuser=0&hl=en&gl=US,,,,,null,null,null,"{""link"":"""",""source"":""""}","{""id"":"""",""name"":"""",""link"":""""}","{""borough"":"""",""street"":"""",""city"":"""",""postal_code"":"""",""state"":"""",""country"":""""}",null,null,null,
construction company in alabama,https://www.google.com/maps?cid=2128086443582525675,White-Spunner Construction,Construction company,"2010 West Interstate 65 Service Rd S, Mobile, AL 36693",null,null,white-spunner.com/,(800) 471-5189,,0,4.500000,null,30.647501,-88.121407,2128086443582525675,,,https://search.google.com/local/reviews?placeid=ChIJD1Bm16tNmogR65APaVh7iB0&authuser=0&hl=en&gl=US,https://streetviewpixels-pa.googleapis.com/v1/thumbnail?panoid=LqaEPPQeppPuPESVniquCQ&cb_client=search.gws-prod.gps&w=80&h=92&yaw=236.73573&pitch=0&thumbfov=100,,,,null,null,null,"{""link"":"""",""source"":""""}","{""id"":"""",""name"":"""",""link"":""""}","{""borough"":"""",""street"":"""",""city"":"""",""postal_code"":"""",""state"":"""",""country"":""""}",null,null,null,
construction company in alabama,https://www.google.com/maps?cid=14871170825085384637,"Lisenby Construction, Inc.",Remodeler,"2945 Chestnut St, Montgomery, AL 36107",null,null,lisenbyconstruction.com/?utm_source=NEXT&utm_medium=Google_website,(334) 265-1997,,0,4.600000,null,32.367760,-86.267853,14871170825085384637,,,https://search.google.com/local/reviews?placeid=ChIJL3DE7cKBjogRvfddFxMDYc4&authuser=0&hl=en&gl=US,,,,,null,null,null,"{""link"":"""",""source"":""""}","{""id"":"""",""name"":"""",""link"":""""}","{""borough"":"""",""street"":"""",""city"":"""",""postal_code"":"""",""state"":"""",""country"":""""}",null,null,null,info@lisenbyconstruction.com
construction company in alabama,https://www.google.com/maps?cid=6466330299685587807,Saiia Construction Company,Construction company,"4400 Lewisburg Rd, Birmingham, AL 35207",null,null,www.saiia.com/,(205) 290-0400,,0,3.800000,null,33.570953,-86.815570,6466330299685587807,,,https://search.google.com/local/reviews?placeid=ChIJodHpNSYfiYgRX8sawSUFvVk&authuser=0&hl=en&gl=US,,,,,null,null,null,"{""link"":"""",""source"":""""}","{""id"":"""",""name"":"""",""link"":""""}","{""borough"":"""",""street"":"""",""city"":"""",""postal_code"":"""",""state"":"""",""country"":""""}",null,null,null,
construction company in alabama,https://www.google.com/maps?cid=5403703569148939515,Alabama AGC,Construction company,"5000 Grantswood Rd #100, Irondale, AL 35210",null,null,www.alagc.org/,(205) 451-1400,,0,4.800000,null,33.529704,-86.657009,5403703569148939515,,,https://search.google.com/local/reviews?placeid=ChIJm0EvbCsSiYgR-wyiHsTP_Uo&authuser=0&hl=en&gl=US,,,,,null,null,null,"{""link"":"""",""source"":""""}","{""id"":"""",""name"":"""",""link"":""""}","{""borough"":"""",""street"":"""",""city"":"""",""postal_code"":"""",""state"":"""",""country"":""""}",null,null,null,admin@alagc.org
construction company in alabama,https://www.google.com/maps?cid=6219169324878420197,Wildcat Construction,Construction company,"10508 US-280, Westover, AL 35147",null,null,wildcatbuilds.com/,(205) 618-9192,,0,4.800000,null,33.353770,-86.524546,6219169324878420197,,,https://search.google.com/local/reviews?placeid=ChIJuXcvAC-ARKUR5Vhi54ztTlY&authuser=0&hl=en&gl=US,,,,,null,null,null,"{""link"":"""",""source"":""""}","{""id"":"""",""name"":"""",""link"":""""}","{""borough"":"""",""street"":"""",""city"":"""",""postal_code"":"""",""state"":"""",""country"":""""}",null,null,null,info@wildcatbuilds.com
construction company in alabama,https://www.google.com/maps?cid=1613326345932359944,Murray Construction,Construction company,"1900 28th Ave S Ste 100, Birmingham, AL 35209",null,null,murray.construction/,(205) 802-3917,,0,4.900000,null,33.481552,-86.789275,1613326345932359944,,,https://search.google.com/local/reviews?placeid=ChIJ54af32QZiYgRCMkTjMOvYxY&authuser=0&hl=en&gl=US,,,,,null,null,null,"{""link"":"""",""source"":""""}","{""id"":"""",""name"":"""",""link"":""""}","{""borough"":"""",""street"":"""",""city"":"""",""postal_code"":"""",""state"":"""",""country"":""""}",null,null,null,build@murray.construction
construction company in alabama,https://www.google.com/maps?cid=3608841896636931519,Rabren General Contractors,Construction company,"306 Persimmon Dr, Auburn, AL 36832",null,null,www.rabren.com/,(334) 826-6143,,0,3.500000,null,32.534164,-85.523166,3608841896636931519,,,https://search.google.com/local/reviews?placeid=ChIJQTS65rL2jIgRv12Xo5UuFTI&authuser=0&hl=en&gl=US,,,,,null,null,null,"{""link"":"""",""source"":""""}","{""id"":"""",""name"":"""",""link"":""""}","{""borough"":"""",""street"":"""",""city"":"""",""postal_code"":"""",""state"":"""",""country"":""""}",null,null,null,info@rabren.com
construction company in alabama,https://www.google.com/maps?cid=14211657031808893244,"Twin Construction, Inc.",Home builder,"2907 Central Ave STE 105, Homewood, AL 35209",null,null,www.twincompanies.com/,(205) 802-3920,,0,4.700000,null,33.478375,-86.795339,14211657031808893244,,,https://search.google.com/local/reviews?placeid=ChIJc0OjSGQZiYgRPMGmGsbyOcU&authuser=0&hl=en&gl=US,,,,,null,null,null,"{""link"":"""",""source"":""""}","{""id"":"""",""name"":"""",""link"":""""}","{""borough"":"""",""street"":"""",""city"":"""",""postal_code"":"""",""state"":"""",""country"":""""}",null,null,null,
construction company in alabama,https://www.google.com/maps?cid=1257720834749111150,Consolidated Construction Company,General contractor,"909 NW Oakwood Ave Suite A, Huntsville, AL 35811",null,null,www.consolidatedconstruction.com/,(256) 534-2356,,0,4.700000,null,34.749157,-86.595335,1257720834749111150,,,https://search.google.com/local/reviews?placeid=ChIJ4XU1vEJrYogRbhvUfW9SdBE&authuser=0&hl=en&gl=US,https://streetviewpixels-pa.googleapis.com/v1/thumbnail?panoid=G9T-NAosmtrc68qoynP4pg&cb_client=search.gws-prod.gps&w=80&h=92&yaw=180.63254&pitch=0&thumbfov=100,,,,null,null,null,"{""link"":"""",""source"":""""}","{""id"":"""",""name"":"""",""link"":""""}","{""borough"":"""",""street"":"""",""city"":"""",""postal_code"":"""",""state"":"""",""country"":""""}",null,null,null,
construction company in alabama,https://www.google.com/maps?cid=8531963456954405831,Grayson Construction LLC,Construction company,"1945 Patton Chapel Rd, Hoover, AL 35226",null,null,www.graysonconstructionllc.com/,(205) 423-0256,,0,4.900000,null,33.390782,-86.807931,8531963456954405831,,,https://search.google.com/local/reviews?placeid=ChIJ0_FS34sQiYgRx5NhUI-fZ3Y&authuser=0&hl=en&gl=US,,,,,null,null,null,"{""link"":"""",""source"":""""}","{""id"":"""",""name"":"""",""link"":""""}","{""borough"":"""",""street"":"""",""city"":"""",""postal_code"":"""",""state"":"""",""country"":""""}",null,null,null,
construction company in alabama,https://www.google.com/maps?cid=13099253017103250448,Cherokee Construction Company of Alabama Inc.,General contractor,"636 W Carroll St, Dothan, AL 36301",null,null,www.cherokeeconstructionofal.com/,(334) 792-9877,,0,5.000000,null,31.199645,-85.407036,13099253017103250448,,,https://search.google.com/local/reviews?placeid=ChIJX7znS8OSkogREDRnWzflybU&authuser=0&hl=en&gl=US,https://streetviewpixels-pa.googleapis.com/v1/thumbnail?panoid=UTh25XsNTMyTrKGROwcNvg&cb_client=search.gws-prod.gps&w=80&h=92&yaw=2.7013237&pitch=0&thumbfov=100,,,,null,null,null,"{""link"":"""",""source"":""""}","{""id"":"""",""name"":"""",""link"":""""}","{""borough"":"""",""street"":"""",""city"":"""",""postal_code"":"""",""state"":"""",""country"":""""}",null,null,null,scott@cherokeeconstructionofal.com
construction company in alabama,https://www.google.com/maps?cid=806728260881904547,Sweet Homes Alabama Construction,Custom home builder,"4177 AL-27, Enterprise, AL 36330",null,null,www.sweethomesalabamaconstruction.com/,(334) 447-0434,,0,4.900000,null,31.250648,-85.891200,806728260881904547,,,https://search.google.com/local/reviews?placeid=ChIJ-2ve9lBtkogRo3MiPBQTMgs&authuser=0&hl=en&gl=US,,,,,null,null,null,"{""link"":"""",""source"":""""}","{""id"":"""",""name"":"""",""link"":""""}","{""borough"":"""",""street"":"""",""city"":"""",""postal_code"":"""",""state"":"""",""country"":""""}",null,null,null,sweethomesalabamaconstruction@gmail.com
construction company in alabama,https://www.google.com/maps?cid=9782687703241452923,Rhodes Construction,Construction company,"1205 Slaughter Rd, Madison, AL 35758",null,null,rhodesconstruction.biz/,(256) 464-3736,,0,5.000000,null,34.731962,-86.707283,9782687703241452923,,,https://search.google.com/local/reviews?placeid=ChIJ3QByAHtlYogRe-1JnKIWw4c&authuser=0&hl=en&gl=US,,,,,null,null,null,"{""link"":"""",""source"":""""}","{""id"":"""",""name"":"""",""link"":""""}","{""borough"":"""",""street"":"""",""city"":"""",""postal_code"":"""",""state"":"""",""country"":""""}",null,null,null,
construction company in alabama,https://www.google.com/maps?cid=13099253017103250448,Cherokee Construction Company of Alabama Inc.,General contractor,"636 W Carroll St, Dothan, AL 36301",null,null,www.cherokeeconstructionofal.com/,(334) 792-9877,,0,5.000000,null,31.199645,-85.407036,13099253017103250448,,,https://search.google.com/local/reviews?placeid=ChIJX7znS8OSkogREDRnWzflybU&authuser=0&hl=en&gl=US,https://streetviewpixels-pa.googleapis.com/v1/thumbnail?panoid=UTh25XsNTMyTrKGROwcNvg&cb_client=search.gws-prod.gps&w=80&h=92&yaw=2.7013237&pitch=0&thumbfov=100,,,,null,null,null,"{""link"":"""",""source"":""""}","{""id"":"""",""name"":"""",""link"":""""}","{""borough"":"""",""street"":"""",""city"":"""",""postal_code"":"""",""state"":"""",""country"":""""}",null,null,null,scott@cherokeeconstructionofal.com
construction company in alabama,https://www.google.com/maps?cid=806728260881904547,Sweet Homes Alabama Construction,Custom home builder,"4177 AL-27, Enterprise, AL 36330",null,null,www.sweethomesalabamaconstruction.com/,(334) 447-0434,,0,4.900000,null,31.250648,-85.891200,806728260881904547,,,https://search.google.com/local/reviews?placeid=ChIJ-2ve9lBtkogRo3MiPBQTMgs&authuser=0&hl=en&gl=US,,,,,null,null,null,"{""link"":"""",""source"":""""}","{""id"":"""",""name"":"""",""link"":""""}","{""borough"":"""",""street"":"""",""city"":"""",""postal_code"":"""",""state"":"""",""country"":""""}",null,null,null,sweethomesalabamaconstruction@gmail.com
construction company in alabama,https://www.google.com/maps?cid=2841265902496036908,North Alabama Construction Specialists LLC,Custom home builder,"2418 Scottsboro Hwy, Guntersville, AL 35976",null,null,www.nacsllc.org/,(256) 571-4976,,0,4.600000,null,34.454766,-86.235563,2841265902496036908,,,https://search.google.com/local/reviews?placeid=ChIJp9AUqon_iYgRLLi03kg0bic&authuser=0&hl=en&gl=US,,,,,null,null,null,"{""link"":"""",""source"":""""}","{""id"":"""",""name"":"""",""link"":""""}","{""borough"":"""",""street"":"""",""city"":"""",""postal_code"":"""",""state"":"""",""country"":""""}",null,null,null,
construction company in alabama,https://www.google.com/maps?cid=924463982464920458,"Coastal Alabama Construction and Development, LLC",Construction company,"3645 Gulf Shores Pkwy Suite 109, Gulf Shores, AL 36542",null,null,cacdllc.com/,(251) 223-0041,,0,5.000000,null,30.296501,-87.683762,924463982464920458,,,https://search.google.com/local/reviews?placeid=ChIJAQCQQTkFmogRiut2Ehhb1Aw&authuser=0&hl=en&gl=US,https://streetviewpixels-pa.googleapis.com/v1/thumbnail?panoid=rS4U4iCeTKIysq1SbZPJ_g&cb_client=search.gws-prod.gps&w=80&h=92&yaw=295.04&pitch=0&thumbfov=100,,,,null,null,null,"{""link"":"""",""source"":""""}","{""id"":"""",""name"":"""",""link"":""""}","{""borough"":"""",""street"":"""",""city"":"""",""postal_code"":"""",""state"":"""",""country"":""""}",null,null,null,matt@cacdllc.com
construction company in alabama,https://www.google.com/maps?cid=5403703569148939515,Alabama AGC,Construction company,"5000 Grantswood Rd #100, Irondale, AL 35210",null,null,www.alagc.org/,(205) 451-1400,,0,4.800000,null,33.529704,-86.657009,5403703569148939515,,,https://search.google.com/local/reviews?placeid=ChIJm0EvbCsSiYgR-wyiHsTP_Uo&authuser=0&hl=en&gl=US,,,,,null,null,null,"{""link"":"""",""source"":""""}","{""id"":"""",""name"":"""",""link"":""""}","{""borough"":"""",""street"":"""",""city"":"""",""postal_code"":"""",""state"":"""",""country"":""""}",null,null,null,admin@alagc.org
construction company in alabama,https://www.google.com/maps?cid=14383367033956742545,T&C Construction,Custom home builder,"508 Mineral Trace Suite 202, Hoover, AL 35244",null,null,www.tandcconstructionus.com/,,,0,5.000000,null,33.336248,-86.851894,14383367033956742545,,,https://search.google.com/local/reviews?placeid=ChIJRQAbJzMjiYgRkTUObRz8m8c&authuser=0&hl=en&gl=US,,,,,null,null,null,"{""link"":"""",""source"":""""}","{""id"":"""",""name"":"""",""link"":""""}","{""borough"":"""",""street"":"""",""city"":"""",""postal_code"":"""",""state"":"""",""country"":""""}",null,null,null,apps@dotedison.com
construction company in alabama,https://www.google.com/maps?cid=2918745589973840587,"Cooper Construction (Jim Cooper Construction Company, Inc.)",General contractor,"5004 5th Ave S, Birmingham, AL 35212",null,null,cooperconstruction.com/,(205) 871-0304,,0,4.000000,null,33.531476,-86.757608,2918745589973840587,,,https://search.google.com/local/reviews?placeid=ChIJKxHJE4oaiYgRy_IgYKZ3gSg&authuser=0&hl=en&gl=US,https://streetviewpixels-pa.googleapis.com/v1/thumbnail?panoid=1N2v7exjllEOrcdQv1zCKQ&cb_client=search.gws-prod.gps&w=80&h=92&yaw=15.082802&pitch=0&thumbfov=100,,,,null,null,null,"{""link"":"""",""source"":""""}","{""id"":"""",""name"":"""",""link"":""""}","{""borough"":"""",""street"":"""",""city"":"""",""postal_code"":"""",""state"":"""",""country"":""""}",null,null,null,info@cooperconstruction.com
construction company in alabama,https://www.google.com/maps?cid=9926287994401828294,"M. J. Harris Construction Services, LLC",Construction company,"1 River Chase Ridge, Birmingham, AL 35244",null,null,www.mjharris.com/,(205) 380-6800,,0,3.700000,null,33.354438,-86.785303,9926287994401828294,,,https://search.google.com/local/reviews?placeid=ChIJWQAgflMiiYgRxq2L1FZCwYk&authuser=0&hl=en&gl=US,,,,,null,null,null,"{""link"":"""",""source"":""""}","{""id"":"""",""name"":"""",""link"":""""}","{""borough"":"""",""street"":"""",""city"":"""",""postal_code"":"""",""state"":"""",""country"":""""}",null,null,null,
construction company in alabama,https://www.google.com/maps?cid=2702151546974160870,DuBose Construction Company,General contractor,"11070 US-80, Montgomery, AL 36117",null,null,,(334) 215-1977,,0,4.000000,null,32.366750,-86.051133,2702151546974160870,,,https://search.google.com/local/reviews?placeid=ChIJD-HizMAtjIgR5seq7oP4fyU&authuser=0&hl=en&gl=US,,,,,null,null,null,"{""link"":"""",""source"":""""}","{""id"":"""",""name"":"""",""link"":""""}","{""borough"":"""",""street"":"""",""city"":"""",""postal_code"":"""",""state"":"""",""country"":""""}",null,null,null,
construction company in alabama,https://www.google.com/maps?cid=5106256248189287578,Dunn Building Company,Construction company,"3901 Messer Airport Hwy, Birmingham, AL 35222",null,null,www.dunnbuildingcompany.com/,(205) 510-0300,,0,3.800000,null,33.528923,-86.779292,5106256248189287578,,,https://search.google.com/local/reviews?placeid=ChIJ96AFCVUaiYgRmvxw7QAR3UY&authuser=0&hl=en&gl=US,,,,,null,null,null,"{""link"":"""",""source"":""""}","{""id"":"""",""name"":"""",""link"":""""}","{""borough"":"""",""street"":"""",""city"":"""",""postal_code"":"""",""state"":"""",""country"":""""}",null,null,null,
construction company in alabama,https://www.google.com/maps?cid=1571987594921574421,Lovelady Construction,Construction company,"200 Co Rd 4, Calera, AL 35040",null,null,www.loveladyconstruction.com/,(205) 283-4897,,0,5.000000,null,33.072879,-86.750396,1571987594921574421,,,https://search.google.com/local/reviews?placeid=ChIJDfJF83otiYgRFQCfimPS0BU&authuser=0&hl=en&gl=US,,,,,null,null,null,"{""link"":"""",""source"":""""}","{""id"":"""",""name"":"""",""link"":""""}","{""borough"":"""",""street"":"""",""city"":"""",""postal_code"":"""",""state"":"""",""country"":""""}",null,null,null,loveladylester@yahoo.com
construction company in alabama,https://www.google.com/maps?cid=3914160454271945966,B&B,Construction company,"6924 Oporto Madrid Blvd, Birmingham, AL 35206",null,null,buildingballard.com/,(205) 915-3535,,0,4.900000,null,33.547361,-86.720895,3914160454271945966,,,https://search.google.com/local/reviews?placeid=ChIJwwl4v0UiiYgR7szC7jHkUTY&authuser=0&hl=en&gl=US,,,,,null,null,null,"{""link"":"""",""source"":""""}","{""id"":"""",""name"":"""",""link"":""""}","{""borough"":"""",""street"":"""",""city"":"""",""postal_code"":"""",""state"":"""",""country"":""""}",null,null,null,
construction company in alabama,https://www.google.com/maps?cid=7367470044184280621,Hoar Construction - Corporate Office,Construction company,"2 Metroplex Dr #400, Birmingham, AL 35209",null,null,www.hoar.com/,(205) 803-2121,,0,3.500000,null,33.466167,-86.772223,7367470044184280621,,,https://search.google.com/local/reviews?placeid=ChIJd30Me5cZiYgRLX7vfPiCPmY&authuser=0&hl=en&gl=US,https://streetviewpixels-pa.googleapis.com/v1/thumbnail?panoid=VCka3l9ELBHYo26aGxKfHA&cb_client=search.gws-prod.gps&w=80&h=92&yaw=85.27661&pitch=0&thumbfov=100,,,,null,null,null,"{""link"":"""",""source"":""""}","{""id"":"""",""name"":"""",""link"":""""}","{""borough"":"""",""street"":"""",""city"":"""",""postal_code"":"""",""state"":"""",""country"":""""}",null,null,null,
construction company in alabama,https://www.google.com/maps?cid=442719300506798216,Hoover General Contractors LLC,General contractor,"103 Yeager Ct NW, Huntsville, AL 35806",null,null,www.hoovergc.com/,(256) 539-1944,,0,4.800000,null,34.781635,-86.665648,442719300506798216,,,https://search.google.com/local/reviews?placeid=ChIJBQFHH0hrYogRiMjqsdvaJAY&authuser=0&hl=en&gl=US,,,,,null,null,null,"{""link"":"""",""source"":""""}","{""id"":"""",""name"":"""",""link"":""""}","{""borough"":"""",""street"":"""",""city"":"""",""postal_code"":"""",""state"":"""",""country"":""""}",null,null,null,"info@hoovergc.com, service@hoovergc.com"
construction company in alabama,https://www.google.com/maps?cid=15119000636167104285,Summerville Construction Company,Construction company,"91 Co Hwy 59, Faunsdale, AL 36738",null,null,www.summco.com/,(334) 546-2735,,0,5.000000,null,32.395867,-87.613854,15119000636167104285,,,https://search.google.com/local/reviews?placeid=ChIJT6x6zGSBhYgRHSelhfl60dE&authuser=0&hl=en&gl=US,,,,,null,null,null,"{""link"":"""",""source"":""""}","{""id"":"""",""name"":"""",""link"":""""}","{""borough"":"""",""street"":"""",""city"":"""",""postal_code"":"""",""state"":"""",""country"":""""}",null,null,null,
construction company in alabama,https://www.google.com/maps?cid=7550350411311163330,"R&B Construction, LLC",Construction company,"4620 Appleton Rd, Brewton, AL 36426",null,null,www.facebook.com/RBConstructionLlc,(251) 867-6177,,0,4.700000,null,31.167604,-87.086134,7550350411311163330,,,https://search.google.com/local/reviews?placeid=ChIJnyP3x0ZGkIgRwiftE7I7yGg&authuser=0&hl=en&gl=US,https://streetviewpixels-pa.googleapis.com/v1/thumbnail?panoid=ZQP8pfmkXqg9Hv8rEW7BSg&cb_client=search.gws-prod.gps&w=80&h=92&yaw=81.38643&pitch=0&thumbfov=100,,,,null,null,null,"{""link"":"""",""source"":""""}","{""id"":"""",""name"":"""",""link"":""""}","{""borough"":"""",""street"":"""",""city"":"""",""postal_code"":"""",""state"":"""",""country"":""""}",null,null,null,
construction company in alabama,https://www.google.com/maps?cid=10131766995373463603,Cornerstone Construction,Home builder,"6760 Co Rd 41, Arley, AL 35541",null,null,webuildsmithlake.com/,(205) 384-9990,,0,4.700000,null,34.079757,-87.212182,10131766995373463603,,,https://search.google.com/local/reviews?placeid=ChIJze1QzhVhiIgRMxhD4mZEm4w&authuser=0&hl=en&gl=US,,,,,null,null,null,"{""link"":"""",""source"":""""}","{""id"":"""",""name"":"""",""link"":""""}","{""borough"":"""",""street"":"""",""city"":"""",""postal_code"":"""",""state"":"""",""country"":""""}",null,null,null,info@webuildsmithlake.com
construction company in alabama,https://www.google.com/maps?cid=1259938156698741015,"RB Custom Construction, LLC",Contractor,,null,null,www.rbcustomhsv.com/,(256) 426-8440,,0,5.000000,null,46.423669,-129.942709,1259938156698741015,,,https://search.google.com/local/reviews?placeid=ChIJz5_09o0RYogRFyn9_BMzfBE&authuser=0&hl=en&gl=US,,,,,null,null,null,"{""link"":"""",""source"":""""}","{""id"":"""",""name"":"""",""link"":""""}","{""borough"":"""",""street"":"""",""city"":"""",""postal_code"":"""",""state"":"""",""country"":""""}",null,null,null,rbcustomhsv@gmail.com
construction company in alabama,https://www.google.com/maps?cid=17688737959275837253,"Keeton General Contractors, Inc.",General contractor,"1019 18th St S, Birmingham, AL 35205",null,null,keetongc.com/?utm_source=gmb&utm_medium=organic,(205) 939-3223,,0,4.500000,null,33.500143,-86.799477,17688737959275837253,,,https://search.google.com/local/reviews?placeid=ChIJaXhN_cIbiYgRRbeae3QFe_U&authuser=0&hl=en&gl=US,,,,,null,null,null,"{""link"":"""",""source"":""""}","{""id"":"""",""name"":"""",""link"":""""}","{""borough"":"""",""street"":"""",""city"":"""",""postal_code"":"""",""state"":"""",""country"":""""}",null,null,null,info@keetongc.com
construction company in alabama,https://www.google.com/maps?cid=3158361745885112878,Maxus Construction Co,Construction company,"700 Southgate Dr # B, Pelham, AL 35124",null,null,www.maxusconstruction.com/,(205) 733-1214,,0,4.600000,null,33.336811,-86.788589,3158361745885112878,,,https://search.google.com/local/reviews?placeid=ChIJRbOuWqQjiYgRLiqqL0bB1Cs&authuser=0&hl=en&gl=US,https://streetviewpixels-pa.googleapis.com/v1/thumbnail?panoid=SgpOFXHlzdwvtrTWPKzFag&cb_client=search.gws-prod.gps&w=80&h=92&yaw=337.30862&pitch=0&thumbfov=100,,,,null,null,null,"{""link"":"""",""source"":""""}","{""id"":"""",""name"":"""",""link"":""""}","{""borough"":"""",""street"":"""",""city"":"""",""postal_code"":"""",""state"":"""",""country"":""""}",null,null,null,
construction company in alabama,https://www.google.com/maps?cid=15481073964553640627,Whatley Construction Co.,Construction company,"710 Fox Run Pkwy, Opelika, AL 36801",null,null,www.whatleyconstruction.com/,(334) 745-2583,,0,5.000000,null,32.646918,-85.355657,15481073964553640627,,,https://search.google.com/local/reviews?placeid=ChIJD9g7p1iTjIgRs5rEnr_S19Y&authuser=0&hl=en&gl=US,https://streetviewpixels-pa.googleapis.com/v1/thumbnail?panoid=QwYlfwzXoYQgqvCaW9V-uQ&cb_client=search.gws-prod.gps&w=80&h=92&yaw=268.49033&pitch=0&thumbfov=100,,,,null,null,null,"{""link"":"""",""source"":""""}","{""id"":"""",""name"":"""",""link"":""""}","{""borough"":"""",""street"":"""",""city"":"""",""postal_code"":"""",""state"":"""",""country"":""""}",null,null,null,estimating@whatleyconstruction.com
construction company in alabama,https://www.google.com/maps?cid=442719300506798216,Hoover General Contractors LLC,General contractor,"103 Yeager Ct NW, Huntsville, AL 35806",null,null,www.hoovergc.com/,(256) 539-1944,,0,4.800000,null,34.781635,-86.665648,442719300506798216,,,https://search.google.com/local/reviews?placeid=ChIJBQFHH0hrYogRiMjqsdvaJAY&authuser=0&hl=en&gl=US,,,,,null,null,null,"{""link"":"""",""source"":""""}","{""id"":"""",""name"":"""",""link"":""""}","{""borough"":"""",""street"":"""",""city"":"""",""postal_code"":"""",""state"":"""",""country"":""""}",null,null,null,"info@hoovergc.com, service@hoovergc.com"
construction company in alabama,https://www.google.com/maps?cid=4641559543428067638,Legendary Construction,Construction company,,null,null,legendaryconstruction.llc/,(251) 219-8586,,0,5.000000,null,32.576226,-86.680736,4641559543428067638,,,https://search.google.com/local/reviews?placeid=ChIJESiP1AsvE0ERNrHaDdAhakA&authuser=0&hl=en&gl=US,,,,,null,null,null,"{""link"":"""",""source"":""""}","{""id"":"""",""name"":"""",""link"":""""}","{""borough"":"""",""street"":"""",""city"":"""",""postal_code"":"""",""state"":"""",""country"":""""}",null,null,null,legendaryconstructionllc.ac@gmail.com
construction company in alabama,https://www.google.com/maps?cid=13102639522206890251,A & C Construction Company,Asphalt contractor,"10485 Wares Ferry Rd, Montgomery, AL 36117",null,null,www.aandcconstruction.com/,(334) 215-3000,,0,5.000000,null,32.407257,-86.120797,13102639522206890251,,,https://search.google.com/local/reviews?placeid=ChIJ23LDtGkujIgRC7kihTnt1bU&authuser=0&hl=en&gl=US,,,,,null,null,null,"{""link"":"""",""source"":""""}","{""id"":"""",""name"":"""",""link"":""""}","{""borough"":"""",""street"":"""",""city"":"""",""postal_code"":"""",""state"":"""",""country"":""""}",null,null,null,
construction company in alabama,https://www.google.com/maps?cid=1259938156698741015,"RB Custom Construction, LLC",Contractor,,null,null,www.rbcustomhsv.com/,(256) 426-8440,,0,5.000000,null,46.423669,-129.942709,1259938156698741015,,,https://search.google.com/local/reviews?placeid=ChIJz5_09o0RYogRFyn9_BMzfBE&authuser=0&hl=en&gl=US,,,,,null,null,null,"{""link"":"""",""source"":""""}","{""id"":"""",""name"":"""",""link"":""""}","{""borough"":"""",""street"":"""",""city"":"""",""postal_code"":"""",""state"":"""",""country"":""""}",null,null,null,rbcustomhsv@gmail.com
construction company in alabama,https://www.google.com/maps?cid=7367470044184280621,Hoar Construction - Corporate Office,Construction company,"2 Metroplex Dr #400, Birmingham, AL 35209",null,null,www.hoar.com/,(205) 803-2121,,0,3.500000,null,33.466167,-86.772223,7367470044184280621,,,https://search.google.com/local/reviews?placeid=ChIJd30Me5cZiYgRLX7vfPiCPmY&authuser=0&hl=en&gl=US,https://streetviewpixels-pa.googleapis.com/v1/thumbnail?panoid=VCka3l9ELBHYo26aGxKfHA&cb_client=search.gws-prod.gps&w=80&h=92&yaw=85.27661&pitch=0&thumbfov=100,,,,null,null,null,"{""link"":"""",""source"":""""}","{""id"":"""",""name"":"""",""link"":""""}","{""borough"":"""",""street"":"""",""city"":"""",""postal_code"":"""",""state"":"""",""country"":""""}",null,null,null,
construction company in alabama,https://www.google.com/maps?cid=7550350411311163330,"R&B Construction, LLC",Construction company,"4620 Appleton Rd, Brewton, AL 36426",null,null,www.facebook.com/RBConstructionLlc,(251) 867-6177,,0,4.700000,null,31.167604,-87.086134,7550350411311163330,,,https://search.google.com/local/reviews?placeid=ChIJnyP3x0ZGkIgRwiftE7I7yGg&authuser=0&hl=en&gl=US,https://streetviewpixels-pa.googleapis.com/v1/thumbnail?panoid=ZQP8pfmkXqg9Hv8rEW7BSg&cb_client=search.gws-prod.gps&w=80&h=92&yaw=81.38643&pitch=0&thumbfov=100,,,,null,null,null,"{""link"":"""",""source"":""""}","{""id"":"""",""name"":"""",""link"":""""}","{""borough"":"""",""street"":"""",""city"":"""",""postal_code"":"""",""state"":"""",""country"":""""}",null,null,null,
construction company in alabama,https://www.google.com/maps?cid=8385612115564050155,Southern Construction llc.,Construction company,"655 N Eastern Blvd, Montgomery, AL 36117",null,null,www.southernconstructed.com/,(334) 569-9669,,0,5.000000,null,32.401428,-86.213927,8385612115564050155,,,https://search.google.com/local/reviews?placeid=ChIJjZen13YpjIgR6zZoTMqtX3Q&authuser=0&hl=en&gl=US,,,,,null,null,null,"{""link"":"""",""source"":""""}","{""id"":"""",""name"":"""",""link"":""""}","{""borough"":"""",""street"":"""",""city"":"""",""postal_code"":"""",""state"":"""",""country"":""""}",null,null,null,jrussom@southernconstructed.com
construction company in alabama,https://www.google.com/maps?cid=9926287994401828294,"M. J. Harris Construction Services, LLC",Construction company,"1 River Chase Ridge, Birmingham, AL 35244",null,null,www.mjharris.com/,(205) 380-6800,,0,3.700000,null,33.354438,-86.785303,9926287994401828294,,,https://search.google.com/local/reviews?placeid=ChIJWQAgflMiiYgRxq2L1FZCwYk&authuser=0&hl=en&gl=US,,,,,null,null,null,"{""link"":"""",""source"":""""}","{""id"":"""",""name"":"""",""link"":""""}","{""borough"":"""",""street"":"""",""city"":"""",""postal_code"":"""",""state"":"""",""country"":""""}",null,null,null,
construction company in alabama,https://www.google.com/maps?cid=277859478016772282,Brasfield & Gorrie,Construction company,"3021 7th Ave S, Birmingham, AL 35233",null,null,www.brasfieldgorrie.com/office/birmingham/,(205) 328-4000,,0,4.300000,null,33.512191,-86.784717,277859478016772282,,,https://search.google.com/local/reviews?placeid=ChIJR4rArLUbiYgRukiqHLkn2wM&authuser=0&hl=en&gl=US,,,,,null,null,null,"{""link"":"""",""source"":""""}","{""id"":"""",""name"":"""",""link"":""""}","{""borough"":"""",""street"":"""",""city"":"""",""postal_code"":"""",""state"":"""",""country"":""""}",null,null,null,
construction company in alabama,https://www.google.com/maps?cid=5106256248189287578,Dunn Building Company,Construction company,"3901 Messer Airport Hwy, Birmingham, AL 35222",null,null,www.dunnbuildingcompany.com/,(205) 510-0300,,0,3.800000,null,33.528923,-86.779292,5106256248189287578,,,https://search.google.com/local/reviews?placeid=ChIJ96AFCVUaiYgRmvxw7QAR3UY&authuser=0&hl=en&gl=US,,,,,null,null,null,"{""link"":"""",""source"":""""}","{""id"":"""",""name"":"""",""link"":""""}","{""borough"":"""",""street"":"""",""city"":"""",""postal_code"":"""",""state"":"""",""country"":""""}",null,null,null,
construction company in alabama,https://www.google.com/maps?cid=8903815438973072884,"Triple B Construction, LLC",Custom home builder,"2905 Frederick Rd, Opelika, AL 36801",null,null,triplebcustombuilders.com/,(334) 524-6319,,0,4.800000,null,32.618723,-85.420783,8903815438973072884,,,https://search.google.com/local/reviews?placeid=ChIJkbhlR8vzjIgR9PWgofe0kHs&authuser=0&hl=en&gl=US,,,,,null,null,null,"{""link"":"""",""source"":""""}","{""id"":"""",""name"":"""",""link"":""""}","{""borough"":"""",""street"":"""",""city"":"""",""postal_code"":"""",""state"":"""",""country"":""""}",null,null,null,bbbconstructionllc@gmail.com
construction company in alabama,https://www.google.com/maps?cid=9113145633007554801,Alabama Construction Supply,Building materials supplier,"4900 5th Ave S, Birmingham, AL 35222",null,null,alaconsupply.com/,(205) 592-8944,,0,4.500000,null,33.530319,-86.758949,9113145633007554801,,,https://search.google.com/local/reviews?placeid=ChIJQQbV1WEaiYgR8VDRcatleH4&authuser=0&hl=en&gl=US,,,,,null,null,null,"{""link"":"""",""source"":""""}","{""id"":"""",""name"":"""",""link"":""""}","{""borough"":"""",""street"":"""",""city"":"""",""postal_code"":"""",""state"":"""",""country"":""""}",null,null,null,
construction company in alabama,https://www.google.com/maps?cid=18264321046566449845,Little Cahaba Construction,Construction company,,null,null,littlecahaba.com/,(205) 894-5621,,0,5.000000,null,33.531397,-86.850471,18264321046566449845,,,https://search.google.com/local/reviews?placeid=ChIJfZ9vBhITJAwRtbJILDnnd_0&authuser=0&hl=en&gl=US,,,,,null,null,null,"{""link"":"""",""source"":""""}","{""id"":"""",""name"":"""",""link"":""""}","{""borough"":"""",""street"":"""",""city"":"""",""postal_code"":"""",""state"":"""",""country"":""""}",null,null,null,
construction company in alabama,https://www.google.com/maps?cid=8399127603783616697,"WAR Construction, Inc.",Construction company,"4300 Joe Mallisham Pkwy, Tuscaloosa, AL 35401",null,null,www.warconstruction.com/,(205) 758-4723,,0,4.000000,null,33.173696,-87.608532,8399127603783616697,,,https://search.google.com/local/reviews?placeid=ChIJsSw1-Y0DhogRuUizHg6yj3Q&authuser=0&hl=en&gl=US,https://streetviewpixels-pa.googleapis.com/v1/thumbnail?panoid=NBegkXkDXWWJ2XoC6KgQLA&cb_client=search.gws-prod.gps&w=80&h=92&yaw=265.6373&pitch=0&thumbfov=100,,,,null,null,null,"{""link"":"""",""source"":""""}","{""id"":"""",""name"":"""",""link"":""""}","{""borough"":"""",""street"":"""",""city"":"""",""postal_code"":"""",""state"":"""",""country"":""""}",null,null,null,
construction company in alabama,https://www.google.com/maps?cid=3668463857841576231,Vincent Construction Inc,General contractor,"1120 Gadsden Hwy, Birmingham, AL 35235",null,null,vincent-construction.com/,(205) 836-6371,,0,5.000000,null,33.588850,-86.655989,3668463857841576231,,,https://search.google.com/local/reviews?placeid=ChIJDRlV_-MNiYgRJ5kBPnEA6TI&authuser=0&hl=en&gl=US,,,,,null,null,null,"{""link"":"""",""source"":""""}","{""id"":"""",""name"":"""",""link"":""""}","{""borough"":"""",""street"":"""",""city"":"""",""postal_code"":"""",""state"":"""",""country"":""""}",null,null,null,contact@vincent-construction.com
construction company in alabama,https://www.google.com/maps?cid=13989726847826230268,Diamond One Construction,Construction company,"4861 AL-22, Valley Grande, AL 36701",null,null,www.diamondoneconstruction.com/,(334) 874-9530,,0,4.300000,null,32.474024,-87.006126,13989726847826230268,,,https://search.google.com/local/reviews?placeid=ChIJPfKLYmcFj4gR_HtthXJ-JcI&authuser=0&hl=en&gl=US,,,,,null,null,null,"{""link"":"""",""source"":""""}","{""id"":"""",""name"":"""",""link"":""""}","{""borough"":"""",""street"":"""",""city"":"""",""postal_code"":"""",""state"":"""",""country"":""""}",null,null,null,
construction company in alabama,https://www.google.com/maps?cid=12197404536702891557,Ritchie Construction Group,Construction company,"312 23rd St N, Birmingham, AL 35203",null,null,ritchieconstructiongroup.com/,(205) 774-1755,,0,5.000000,null,33.518671,-86.803437,12197404536702891557,,,https://search.google.com/local/reviews?placeid=ChIJ97ax_LwbiYgRJfbpL83iRak&authuser=0&hl=en&gl=US,,,,,null,null,null,"{""link"":"""",""source"":""""}","{""id"":"""",""name"":"""",""link"":""""}","{""borough"":"""",""street"":"""",""city"":"""",""postal_code"":"""",""state"":"""",""country"":""""}",null,null,null,office@rcgbham.com
construction company in alabama,https://www.google.com/maps?cid=9464074880034311878,"First Team Construction Co., Inc.",Construction company,"475 N Dean Rd, Auburn, AL 36830",null,null,firstteamconstruction.com/,(334) 502-7400,,0,4.400000,null,32.615396,-85.464949,9464074880034311878,,,https://search.google.com/local/reviews?placeid=ChIJw8PGZsLyjIgRxo4k6PUlV4M&authuser=0&hl=en&gl=US,https://streetviewpixels-pa.googleapis.com/v1/thumbnail?panoid=-72BFkyrdeWPGzypLrGNNg&cb_client=search.gws-prod.gps&w=80&h=92&yaw=302.67245&pitch=0&thumbfov=100,,,,null,null,null,"{""link"":"""",""source"":""""}","{""id"":"""",""name"":"""",""link"":""""}","{""borough"":"""",""street"":"""",""city"":"""",""postal_code"":"""",""state"":"""",""country"":""""}",null,null,null,
construction company in alabama,https://www.google.com/maps?cid=6662569047042441542,Steward Construction Co,General contractor,"3007 Citizens Pkwy, Selma, AL 36701",null,null,,(334) 874-7278,,0,3.300000,null,32.447175,-87.016377,6662569047042441542,,,https://search.google.com/local/reviews?placeid=ChIJ5-bDk1EEj4gRRkF6nD8zdlw&authuser=0&hl=en&gl=US,https://streetviewpixels-pa.googleapis.com/v1/thumbnail?panoid=SNdbziZradvX9ZuLcl1c4g&cb_client=search.gws-prod.gps&w=80&h=92&yaw=328.6208&pitch=0&thumbfov=100,,,,null,null,null,"{""link"":"""",""source"":""""}","{""id"":"""",""name"":"""",""link"":""""}","{""borough"":"""",""street"":"""",""city"":"""",""postal_code"":"""",""state"":"""",""country"":""""}",null,null,null,
construction company in alabama,https://www.google.com/maps?cid=7097663005129294004,Perdue Construction Company,General contractor,"1800 Willow Springs Rd, Wetumpka, AL 36093",null,null,,(334) 244-0751,,0,5.000000,null,32.479509,-86.158409,7097663005129294004,,,https://search.google.com/local/reviews?placeid=ChIJz-WuJNsrjIgRtMAp7OX2f2I&authuser=0&hl=en&gl=US,https://streetviewpixels-pa.googleapis.com/v1/thumbnail?panoid=_beaeYDIdlGwzfv2ZDEbGg&cb_client=search.gws-prod.gps&w=80&h=92&yaw=175.93752&pitch=0&thumbfov=100,,,,null,null,null,"{""link"":"""",""source"":""""}","{""id"":"""",""name"":"""",""link"":""""}","{""borough"":"""",""street"":"""",""city"":"""",""postal_code"":"""",""state"":"""",""country"":""""}",null,null,null,
construction company in alabama,https://www.google.com/maps?cid=11156470955729722970,Ballard Construction Co Inc,Excavating contractor,"3101 Narrow Ln, Kellyton, AL 35089",null,null,,(256) 329-3771,,0,4.500000,null,32.992495,-85.960043,11156470955729722970,,,https://search.google.com/local/reviews?placeid=ChIJIYHui6IJjIgRWp47hzm_05o&authuser=0&hl=en&gl=US,https://streetviewpixels-pa.googleapis.com/v1/thumbnail?panoid=FHR5MVpfVsx2SvWi72ci5w&cb_client=search.gws-prod.gps&w=80&h=92&yaw=249.64099&pitch=0&thumbfov=100,,,,null,null,null,"{""link"":"""",""source"":""""}","{""id"":"""",""name"":"""",""link"":""""}","{""borough"":"""",""street"":"""",""city"":"""",""postal_code"":"""",""state"":"""",""country"":""""}",null,null,null,
construction company in alabama,https://www.google.com/maps?cid=13102639522206890251,A & C Construction Company,Asphalt contractor,"10485 Wares Ferry Rd, Montgomery, AL 36117",null,null,www.aandcconstruction.com/,(334) 215-3000,,0,5.000000,null,32.407257,-86.120797,13102639522206890251,,,https://search.google.com/local/reviews?placeid=ChIJ23LDtGkujIgRC7kihTnt1bU&authuser=0&hl=en&gl=US,,,,,null,null,null,"{""link"":"""",""source"":""""}","{""id"":"""",""name"":"""",""link"":""""}","{""borough"":"""",""street"":"""",""city"":"""",""postal_code"":"""",""state"":"""",""country"":""""}",null,null,null,
construction company in alabama,https://www.google.com/maps?cid=8399127603783616697,"WAR Construction, Inc.",Construction company,"4300 Joe Mallisham Pkwy, Tuscaloosa, AL 35401",null,null,www.warconstruction.com/,(205) 758-4723,,0,4.000000,null,33.173696,-87.608532,8399127603783616697,,,https://search.google.com/local/reviews?placeid=ChIJsSw1-Y0DhogRuUizHg6yj3Q&authuser=0&hl=en&gl=US,https://streetviewpixels-pa.googleapis.com/v1/thumbnail?panoid=NBegkXkDXWWJ2XoC6KgQLA&cb_client=search.gws-prod.gps&w=80&h=92&yaw=265.6373&pitch=0&thumbfov=100,,,,null,null,null,"{""link"":"""",""source"":""""}","{""id"":"""",""name"":"""",""link"":""""}","{""borough"":"""",""street"":"""",""city"":"""",""postal_code"":"""",""state"":"""",""country"":""""}",null,null,null,
construction company in alabama,https://www.google.com/maps?cid=15343067368637419109,Mid-State Construction LLC,Construction company,"29 US-82, Lawley, AL 36793",null,null,www.facebook.com/MidStateConstructionLLC,(334) 366-0064,,0,4.800000,null,32.837364,-86.955442,15343067368637419109,,,https://search.google.com/local/reviews?placeid=ChIJFUPiEEcmj4gRZU6FEHuG7dQ&authuser=0&hl=en&gl=US,https://streetviewpixels-pa.googleapis.com/v1/thumbnail?panoid=o3EQfyc1sjwyBKRwWxny9Q&cb_client=search.gws-prod.gps&w=80&h=92&yaw=63.068577&pitch=0&thumbfov=100,,,,null,null,null,"{""link"":"""",""source"":""""}","{""id"":"""",""name"":"""",""link"":""""}","{""borough"":"""",""street"":"""",""city"":"""",""postal_code"":"""",""state"":"""",""country"":""""}",null,null,null,
construction company in alabama,https://www.google.com/maps?cid=15421103813754427297,Baird Contracting Co,General contractor,"276 Snow Dr, Birmingham, AL 35209",null,null,www.bairdcontracting.net/,(205) 942-1095,,0,4.800000,null,33.446701,-86.835703,15421103813754427297,,,https://search.google.com/local/reviews?placeid=ChIJ3Z7JFtkeiYgRoRdBzzbEAtY&authuser=0&hl=en&gl=US,,,,,null,null,null,"{""link"":"""",""source"":""""}","{""id"":"""",""name"":"""",""link"":""""}","{""borough"":"""",""street"":"""",""city"":"""",""postal_code"":"""",""state"":"""",""country"":""""}",null,null,null,
construction company in alabama,https://www.google.com/maps?cid=277859478016772282,Brasfield & Gorrie,Construction company,"3021 7th Ave S, Birmingham, AL 35233",null,null,www.brasfieldgorrie.com/office/birmingham/,(205) 328-4000,,0,4.300000,null,33.512191,-86.784717,277859478016772282,,,https://search.google.com/local/reviews?placeid=ChIJR4rArLUbiYgRukiqHLkn2wM&authuser=0&hl=en&gl=US,,,,,null,null,null,"{""link"":"""",""source"":""""}","{""id"":"""",""name"":"""",""link"":""""}","{""borough"":"""",""street"":"""",""city"":"""",""postal_code"":"""",""state"":"""",""country"":""""}",null,null,null,
construction company in alabama,https://www.google.com/maps?cid=18264321046566449845,Little Cahaba Construction,Construction company,,null,null,littlecahaba.com/,(205) 894-5621,,0,5.000000,null,33.531397,-86.850471,18264321046566449845,,,https://search.google.com/local/reviews?placeid=ChIJfZ9vBhITJAwRtbJILDnnd_0&authuser=0&hl=en&gl=US,,,,,null,null,null,"{""link"":"""",""source"":""""}","{""id"":"""",""name"":"""",""link"":""""}","{""borough"":"""",""street"":"""",""city"":"""",""postal_code"":"""",""state"":"""",""country"":""""}",null,null,null,
construction company in alabama,https://www.google.com/maps?cid=10172169881501562739,Hancock Construction,Construction company,"2828 Old 280 Ct suite 200, Vestavia Hills, AL 35243",null,null,hancockbuilt.com/,(205) 497-3284,,0,4.300000,null,33.426714,-86.729896,10172169881501562739,,,https://search.google.com/local/reviews?placeid=ChIJVwdZL0IXiYgRc_fT3ZzOKo0&authuser=0&hl=en&gl=US,,,,,null,null,null,"{""link"":"""",""source"":""""}","{""id"":"""",""name"":"""",""link"":""""}","{""borough"":"""",""street"":"""",""city"":"""",""postal_code"":"""",""state"":"""",""country"":""""}",null,null,null,"ryan@hancockbuilt.com, mark@hancockbuilt.com"
construction company in alabama,https://www.google.com/maps?cid=293104526303252321,Mtz Construction LLC,Construction company,"1848 Keeton Cemetery Rd, Nauvoo, AL 35578",null,null,,(205) 300-8336,,0,4.500000,null,33.949088,-87.456251,293104526303252321,,,https://search.google.com/local/reviews?placeid=ChIJF-jG7iZxiIgRYU9dhANREQQ&authuser=0&hl=en&gl=US,https://streetviewpixels-pa.googleapis.com/v1/thumbnail?panoid=B0Q-0PiDrvZiqxijaPYWUQ&cb_client=search.gws-prod.gps&w=80&h=92&yaw=197.96658&pitch=0&thumbfov=100,,,,null,null,null,"{""link"":"""",""source"":""""}","{""id"":"""",""name"":"""",""link"":""""}","{""borough"":"""",""street"":"""",""city"":"""",""postal_code"":"""",""state"":"""",""country"":""""}",null,null,null,
construction company in alabama,https://www.google.com/maps?cid=15145116360158536535,Goodwyn Building Company,Home builder,"2939 Chestnut St, Montgomery, AL 36107",null,null,goodwynbuilding.com/,(334) 263-2221,,0,4.300000,null,32.367584,-86.268491,15145116360158536535,,,https://search.google.com/local/reviews?placeid=ChIJmUPJksKBjogRV-M0WRZDLtI&authuser=0&hl=en&gl=US,,,,,null,null,null,"{""link"":"""",""source"":""""}","{""id"":"""",""name"":"""",""link"":""""}","{""borough"":"""",""street"":"""",""city"":"""",""postal_code"":"""",""state"":"""",""country"":""""}",null,null,null,
construction company in alabama,https://www.google.com/maps?cid=7837127801574358712,J & L Contractors Inc,Construction company,"729 E Glenn Ave, Auburn, AL 36830",null,null,www.jandlcontractors.com/,(334) 821-9737,,0,5.000000,null,32.609486,-85.467137,7837127801574358712,,,https://search.google.com/local/reviews?placeid=ChIJV9q4wOjyjIgRuH4tcDYSw2w&authuser=0&hl=en&gl=US,,,,,null,null,null,"{""link"":"""",""source"":""""}","{""id"":"""",""name"":"""",""link"":""""}","{""borough"":"""",""street"":"""",""city"":"""",""postal_code"":"""",""state"":"""",""country"":""""}",null,null,null,
construction company in alabama,https://www.google.com/maps?cid=13989726847826230268,Diamond One Construction,Construction company,"4861 AL-22, Valley Grande, AL 36701",null,null,www.diamondoneconstruction.com/,(334) 874-9530,,0,4.300000,null,32.474024,-87.006126,13989726847826230268,,,https://search.google.com/local/reviews?placeid=ChIJPfKLYmcFj4gR_HtthXJ-JcI&authuser=0&hl=en&gl=US,,,,,null,null,null,"{""link"":"""",""source"":""""}","{""id"":"""",""name"":"""",""link"":""""}","{""borough"":"""",""street"":"""",""city"":"""",""postal_code"":"""",""state"":"""",""country"":""""}",null,null,null,
construction company in alabama,https://www.google.com/maps?cid=6760223237739274504,"J & B Construction, Llc",Roofing contractor,"4765 Co Hwy 1, Cleveland, AL 35049",null,null,jbroofers.com/?utm_source=omg-gbp&utm_medium=webclick,(205) 353-7799,,0,4.700000,null,33.959118,-86.562130,6760223237739274504,,,https://search.google.com/local/reviews?placeid=ChIJ-TYiuMeXiYgRCGHKrzcj0V0&authuser=0&hl=en&gl=US,,,,,null,null,null,"{""link"":"""",""source"":""""}","{""id"":"""",""name"":"""",""link"":""""}","{""borough"":"""",""street"":"""",""city"":"""",""postal_code"":"""",""state"":"""",""country"":""""}",null,null,null,jbconstructionllc@gmail.com
construction company in alabama,https://www.google.com/maps?cid=11091320599750670361,Liberty Construction Services,Construction company,"5629 Miller Industrial Blvd, Birmingham, AL 35210",null,null,libertycs.net/,(205) 536-8999,,0,4.800000,null,33.584655,-86.633837,11091320599750670361,,,https://search.google.com/local/reviews?placeid=ChIJbYKKS5ANiYgRGXgcNlJJ7Jk&authuser=0&hl=en&gl=US,,,,,null,null,null,"{""link"":"""",""source"":""""}","{""id"":"""",""name"":"""",""link"":""""}","{""borough"":"""",""street"":"""",""city"":"""",""postal_code"":"""",""state"":"""",""country"":""""}",null,null,null,info@libertycs.net
construction company in alabama,https://www.google.com/maps?cid=11810728105163612867,Huntsville Design & Construction Inc,Construction company,"105 Skylab Dr NW, Huntsville, AL 35806",null,null,www.hsvdc.com/,(256) 859-8800,,0,4.600000,null,34.782112,-86.666390,11810728105163612867,,,https://search.google.com/local/reviews?placeid=ChIJe9nV2IVpYogRw-L_vqIi6KM&authuser=0&hl=en&gl=US,https://streetviewpixels-pa.googleapis.com/v1/thumbnail?panoid=C1ZzkJ6bkYfCP8Rm5bZOTQ&cb_client=search.gws-prod.gps&w=80&h=92&yaw=237.21176&pitch=0&thumbfov=100,,,,null,null,null,"{""link"":"""",""source"":""""}","{""id"":"""",""name"":"""",""link"":""""}","{""borough"":"""",""street"":"""",""city"":"""",""postal_code"":"""",""state"":"""",""country"":""""}",null,null,null,
construction company in alabama,https://www.google.com/maps?cid=10628136895530097588,"Thornton Construction Co., Inc.",Construction company,"2 Office Park Cir #110, Mountain Brook, AL 35223",null,null,www.thorntonconstruction.com/,(205) 870-5498,,0,4.500000,null,33.479668,-86.770395,10628136895530097588,,,https://search.google.com/local/reviews?placeid=ChIJG_1lFZgXiYgRtFtLOjK6fpM&authuser=0&hl=en&gl=US,https://streetviewpixels-pa.googleapis.com/v1/thumbnail?panoid=51wNCmMlarmfWuT5rd-OfA&cb_client=search.gws-prod.gps&w=80&h=92&yaw=118.61982&pitch=0&thumbfov=100,,,,null,null,null,"{""link"":"""",""source"":""""}","{""id"":"""",""name"":"""",""link"":""""}","{""borough"":"""",""street"":"""",""city"":"""",""postal_code"":"""",""state"":"""",""country"":""""}",null,null,null,
construction company in alabama,https://www.google.com/maps?cid=13210071959287621689,Newell Construction,Construction company,"2081 Columbiana Rd, Vestavia Hills, AL 35216",null,null,newellpe.com/,(205) 919-2556,,0,4.600000,null,33.435467,-86.809748,13210071959287621689,,,https://search.google.com/local/reviews?placeid=ChIJmdQOkUUZiYgROeiv_nSaU7c&authuser=0&hl=en&gl=US,https://streetviewpixels-pa.googleapis.com/v1/thumbnail?panoid=W7zC_6OpiQer0SFAWbckbA&cb_client=search.gws-prod.gps&w=80&h=92&yaw=160.16237&pitch=0&thumbfov=100,,,,null,null,null,"{""link"":"""",""source"":""""}","{""id"":"""",""name"":"""",""link"":""""}","{""borough"":"""",""street"":"""",""city"":"""",""postal_code"":"""",""state"":"""",""country"":""""}",null,null,null,
construction company in alabama,https://www.google.com/maps?cid=3668463857841576231,Vincent Construction Inc,General contractor,"1120 Gadsden Hwy, Birmingham, AL 35235",null,null,vincent-construction.com/,(205) 836-6371,,0,5.000000,null,33.588850,-86.655989,3668463857841576231,,,https://search.google.com/local/reviews?placeid=ChIJDRlV_-MNiYgRJ5kBPnEA6TI&authuser=0&hl=en&gl=US,,,,,null,null,null,"{""link"":"""",""source"":""""}","{""id"":"""",""name"":"""",""link"":""""}","{""borough"":"""",""street"":"""",""city"":"""",""postal_code"":"""",""state"":"""",""country"":""""}",null,null,null,contact@vincent-construction.com
construction company in alabama,https://www.google.com/maps?cid=11075237069065176243,"Alabama Construction Pros, LLC",Construction company,"175 Aliant Pkwy, Alexander City, AL 35010",null,null,alabamaconstructionpros.com/alexander-city-remodeling,(334) 310-8455,,0,5.000000,null,32.918304,-85.952928,11075237069065176243,,,https://search.google.com/local/reviews?placeid=ChIJ1QLCViINjIgRs0TeaG8ls5k&authuser=0&hl=en&gl=US,,,,,null,null,null,"{""link"":"""",""source"":""""}","{""id"":"""",""name"":"""",""link"":""""}","{""borough"":"""",""street"":"""",""city"":"""",""postal_code"":"""",""state"":"""",""country"":""""}",null,null,null,
construction company in alabama,https://www.google.com/maps?cid=12251165021453120360,Star Construction,General contractor,"1 Clark St, Pelham, AL 35124",null,null,star-llc.net/,(205) 664-7330,,0,3.100000,null,33.285058,-86.819549,12251165021453120360,,,https://search.google.com/local/reviews?placeid=ChIJIdBx2iEkiYgRaHNndK3hBKo&authuser=0&hl=en&gl=US,,,,,null,null,null,"{""link"":"""",""source"":""""}","{""id"":"""",""name"":"""",""link"":""""}","{""borough"":"""",""street"":"""",""city"":"""",""postal_code"":"""",""state"":"""",""country"":""""}",null,null,null,
construction company in alabama,https://www.google.com/maps?cid=2759501442225738228,JGS Construction,Construction company,"250 Commerce St Suite 310, Montgomery, AL 36104",null,null,www.jgsconstruction.com/,(334) 245-5884,,0,4.300000,null,32.381294,-86.312452,2759501442225738228,,,https://search.google.com/local/reviews?placeid=ChIJ6frVsHGBjogR9BEL9fC3SyY&authuser=0&hl=en&gl=US,https://streetviewpixels-pa.googleapis.com/v1/thumbnail?panoid=I5arjZWULz5mVEUjqX4Cgg&cb_client=search.gws-prod.gps&w=80&h=92&yaw=9.500498&pitch=0&thumbfov=100,,,,null,null,null,"{""link"":"""",""source"":""""}","{""id"":"""",""name"":"""",""link"":""""}","{""borough"":"""",""street"":"""",""city"":"""",""postal_code"":"""",""state"":"""",""country"":""""}",null,null,null,info@jgsconstruction.com
construction company in alabama,https://www.google.com/maps?cid=15481073964553640627,Whatley Construction Co.,Construction company,"710 Fox Run Pkwy, Opelika, AL 36801",null,null,www.whatleyconstruction.com/,(334) 745-2583,,0,5.000000,null,32.646918,-85.355657,15481073964553640627,,,https://search.google.com/local/reviews?placeid=ChIJD9g7p1iTjIgRs5rEnr_S19Y&authuser=0&hl=en&gl=US,https://streetviewpixels-pa.googleapis.com/v1/thumbnail?panoid=QwYlfwzXoYQgqvCaW9V-uQ&cb_client=search.gws-prod.gps&w=80&h=92&yaw=268.49033&pitch=0&thumbfov=100,,,,null,null,null,"{""link"":"""",""source"":""""}","{""id"":"""",""name"":"""",""link"":""""}","{""borough"":"""",""street"":"""",""city"":"""",""postal_code"":"""",""state"":"""",""country"":""""}",null,null,null,estimating@whatleyconstruction.com
construction company in alabama,https://www.google.com/maps?cid=492123114055339169,Toles Construction,Custom home builder,"8121 Old Federal Rd, Montgomery, AL 36117",null,null,www.tolesbuilders.com/,(334) 277-1134,,0,4.400000,null,32.341967,-86.172517,492123114055339169,,,https://search.google.com/local/reviews?placeid=ChIJ4atV9IAsjIgRoQwHZ11f1AY&authuser=0&hl=en&gl=US,https://streetviewpixels-pa.googleapis.com/v1/thumbnail?panoid=NOf_JGjS_Qk1KPShTQbGyg&cb_client=search.gws-prod.gps&w=80&h=92&yaw=14.698913&pitch=0&thumbfov=100,,,,null,null,null,"{""link"":"""",""source"":""""}","{""id"":"""",""name"":"""",""link"":""""}","{""borough"":"""",""street"":"""",""city"":"""",""postal_code"":"""",""state"":"""",""country"":""""}",null,null,null,
construction company in alabama,https://www.google.com/maps?cid=11091320599750670361,Liberty Construction Services,Construction company,"5629 Miller Industrial Blvd, Birmingham, AL 35210",null,null,libertycs.net/,(205) 536-8999,,0,4.800000,null,33.584655,-86.633837,11091320599750670361,,,https://search.google.com/local/reviews?placeid=ChIJbYKKS5ANiYgRGXgcNlJJ7Jk&authuser=0&hl=en&gl=US,,,,,null,null,null,"{""link"":"""",""source"":""""}","{""id"":"""",""name"":"""",""link"":""""}","{""borough"":"""",""street"":"""",""city"":"""",""postal_code"":"""",""state"":"""",""country"":""""}",null,null,null,info@libertycs.net
construction company in alabama,https://www.google.com/maps?cid=7097663005129294004,Perdue Construction Company,General contractor,"1800 Willow Springs Rd, Wetumpka, AL 36093",null,null,,(334) 244-0751,,0,5.000000,null,32.479509,-86.158409,7097663005129294004,,,https://search.google.com/local/reviews?placeid=ChIJz-WuJNsrjIgRtMAp7OX2f2I&authuser=0&hl=en&gl=US,https://streetviewpixels-pa.googleapis.com/v1/thumbnail?panoid=_beaeYDIdlGwzfv2ZDEbGg&cb_client=search.gws-prod.gps&w=80&h=92&yaw=175.93752&pitch=0&thumbfov=100,,,,null,null,null,"{""link"":"""",""source"":""""}","{""id"":"""",""name"":"""",""link"":""""}","{""borough"":"""",""street"":"""",""city"":"""",""postal_code"":"""",""state"":"""",""country"":""""}",null,null,null,
construction company in alabama,https://www.google.com/maps?cid=13210071959287621689,Newell Construction,Construction company,"2081 Columbiana Rd, Vestavia Hills, AL 35216",null,null,newellpe.com/,(205) 919-2556,,0,4.600000,null,33.435467,-86.809748,13210071959287621689,,,https://search.google.com/local/reviews?placeid=ChIJmdQOkUUZiYgROeiv_nSaU7c&authuser=0&hl=en&gl=US,https://streetviewpixels-pa.googleapis.com/v1/thumbnail?panoid=W7zC_6OpiQer0SFAWbckbA&cb_client=search.gws-prod.gps&w=80&h=92&yaw=160.16237&pitch=0&thumbfov=100,,,,null,null,null,"{""link"":"""",""source"":""""}","{""id"":"""",""name"":"""",""link"":""""}","{""borough"":"""",""street"":"""",""city"":"""",""postal_code"":"""",""state"":"""",""country"":""""}",null,null,null,
construction company in alabama,https://www.google.com/maps?cid=14286068380431318021,Hughes Construction Services LLC,General contractor,"11083 AL-27, Ozark, AL 36360",null,null,www.hughesconstructionservices.com/,(334) 795-8100,,0,5.000000,null,31.471563,-85.468830,14286068380431318021,,,https://search.google.com/local/reviews?placeid=ChIJ-aTEwZGDkogRBXyMTIBPQsY&authuser=0&hl=en&gl=US,https://streetviewpixels-pa.googleapis.com/v1/thumbnail?panoid=dXAhF_x2V6_46gBXb5nQqw&cb_client=search.gws-prod.gps&w=80&h=92&yaw=317.3594&pitch=0&thumbfov=100,,,,null,null,null,"{""link"":"""",""source"":""""}","{""id"":"""",""name"":"""",""link"":""""}","{""borough"":"""",""street"":"""",""city"":"""",""postal_code"":"""",""state"":"""",""country"":""""}",null,null,null,
construction company in alabama,https://www.google.com/maps?cid=10172169881501562739,Hancock Construction,Construction company,"2828 Old 280 Ct suite 200, Vestavia Hills, AL 35243",null,null,hancockbuilt.com/,(205) 497-3284,,0,4.300000,null,33.426714,-86.729896,10172169881501562739,,,https://search.google.com/local/reviews?placeid=ChIJVwdZL0IXiYgRc_fT3ZzOKo0&authuser=0&hl=en&gl=US,,,,,null,null,null,"{""link"":"""",""source"":""""}","{""id"":"""",""name"":"""",""link"":""""}","{""borough"":"""",""street"":"""",""city"":"""",""postal_code"":"""",""state"":"""",""country"":""""}",null,null,null,"ryan@hancockbuilt.com, mark@hancockbuilt.com"
construction company in alabama,https://www.google.com/maps?cid=4777483074105790079,Lake Martin Signature Construction,Construction company,"755 Lee St, Alexander City, AL 35010",null,null,www.lakemartinsignatureconstruction.com/,(256) 392-5577,,0,5.000000,null,32.937718,-85.962990,4777483074105790079,,,https://search.google.com/local/reviews?placeid=ChIJZT2qkawNjIgRf06EMIsHTUI&authuser=0&hl=en&gl=US,,,,,null,null,null,"{""link"":"""",""source"":""""}","{""id"":"""",""name"":"""",""link"":""""}","{""borough"":"""",""street"":"""",""city"":"""",""postal_code"":"""",""state"":"""",""country"":""""}",null,null,null,drewmcgreer@gmail.com
construction company in alabama,https://www.google.com/maps?cid=6760223237739274504,"J & B Construction, Llc",Roofing contractor,"4765 Co Hwy 1, Cleveland, AL 35049",null,null,jbroofers.com/?utm_source=omg-gbp&utm_medium=webclick,(205) 353-7799,,0,4.700000,null,33.959118,-86.562130,6760223237739274504,,,https://search.google.com/local/reviews?placeid=ChIJ-TYiuMeXiYgRCGHKrzcj0V0&authuser=0&hl=en&gl=US,,,,,null,null,null,"{""link"":"""",""source"":""""}","{""id"":"""",""name"":"""",""link"":""""}","{""borough"":"""",""street"":"""",""city"":"""",""postal_code"":"""",""state"":"""",""country"":""""}",null,null,null,jbconstructionllc@gmail.com
construction company in alabama,https://www.google.com/maps?cid=4641559543428067638,Legendary Construction,Construction company,,null,null,legendaryconstruction.llc/,(251) 219-8586,,0,5.000000,null,32.576226,-86.680736,4641559543428067638,,,https://search.google.com/local/reviews?placeid=ChIJESiP1AsvE0ERNrHaDdAhakA&authuser=0&hl=en&gl=US,,,,,null,null,null,"{""link"":"""",""source"":""""}","{""id"":"""",""name"":"""",""link"":""""}","{""borough"":"""",""street"":"""",""city"":"""",""postal_code"":"""",""state"":"""",""country"":""""}",null,null,null,legendaryconstructionllc.ac@gmail.com
construction company in alabama,https://www.google.com/maps?cid=1281909252727365508,"Wyatt General Contractor, LLC",Construction company,"631 28th St N, Birmingham, AL 35203",null,null,www.wyattbuilds.com/,(205) 985-0121,,0,5.000000,null,33.525544,-86.798259,1281909252727365508,,,https://search.google.com/local/reviews?placeid=ChIJp72lQlYiiYgRhN8Za6xByhE&authuser=0&hl=en&gl=US,https://streetviewpixels-pa.googleapis.com/v1/thumbnail?panoid=NzaLy0zeIKFuPpPbhIB2nA&cb_client=search.gws-prod.gps&w=80&h=92&yaw=69.133675&pitch=0&thumbfov=100,,,,null,null,null,"{""link"":"""",""source"":""""}","{""id"":"""",""name"":"""",""link"":""""}","{""borough"":"""",""street"":"""",""city"":"""",""postal_code"":"""",""state"":"""",""country"":""""}",null,null,null,
construction company in alabama,https://www.google.com/maps?cid=5220748354865595493,Stone Building Co,General contractor,"8011 Liberty Pkwy, Vestavia Hills, AL 35242",null,null,stonebuilding.com/,(205) 328-8300,,0,4.000000,null,33.479231,-86.703849,5220748354865595493,,,https://search.google.com/local/reviews?placeid=ChIJQQ69wrQbiYgRZQR40ffSc0g&authuser=0&hl=en&gl=US,,,,,null,null,null,"{""link"":"""",""source"":""""}","{""id"":"""",""name"":"""",""link"":""""}","{""borough"":"""",""street"":"""",""city"":"""",""postal_code"":"""",""state"":"""",""country"":""""}",null,null,null,
construction company in alabama,https://www.google.com/maps?cid=17186179087576816517,Hammer Construction,Construction company,"4 W English St Smsn, Samson, AL 36477",null,null,hammer-lgc.com/,(334) 898-2700,,0,5.000000,null,31.120049,-86.049392,17186179087576816517,,,https://search.google.com/local/reviews?placeid=ChIJ33FOjHw8kogRhVtD6dKSge4&authuser=0&hl=en&gl=US,https://streetviewpixels-pa.googleapis.com/v1/thumbnail?panoid=8j0cZfLCAnFbPDaEeqKDUw&cb_client=search.gws-prod.gps&w=80&h=92&yaw=308.55682&pitch=0&thumbfov=100,,,,null,null,null,"{""link"":"""",""source"":""""}","{""id"":"""",""name"":"""",""link"":""""}","{""borough"":"""",""street"":"""",""city"":"""",""postal_code"":"""",""state"":"""",""country"":""""}",null,null,null,
construction company in alabama,https://www.google.com/maps?cid=10870127240927695556,Kelly Construction Co,Construction company,"1860 Woodlands Industrial Dr, Trussville, AL 35173",null,null,kellyroadbuilders.com/,(205) 957-2484,,0,3.800000,null,33.556172,-86.620720,10870127240927695556,,,https://search.google.com/local/reviews?placeid=ChIJb46xCmISiYgRxNLKGiJz2pY&authuser=0&hl=en&gl=US,,,,,null,null,null,"{""link"":"""",""source"":""""}","{""id"":"""",""name"":"""",""link"":""""}","{""borough"":"""",""street"":"""",""city"":"""",""postal_code"":"""",""state"":"""",""country"":""""}",null,null,null,
construction company in alabama,https://www.google.com/maps?cid=1938544167084211384,Shelby General Contractors,General contractor,"3120 4th Ave S, Birmingham, AL 35233",null,null,shelbygc.com/,(205) 961-4899,,0,4.400000,null,33.517060,-86.786130,1938544167084211384,,,https://search.google.com/local/reviews?placeid=ChIJp_CvzbMbiYgRuLx1LKYX5xo&authuser=0&hl=en&gl=US,,,,,null,null,null,"{""link"":"""",""source"":""""}","{""id"":"""",""name"":"""",""link"":""""}","{""borough"":"""",""street"":"""",""city"":"""",""postal_code"":"""",""state"":"""",""country"":""""}",null,null,null,info@shelbygc.com
construction company in alabama,https://www.google.com/maps?cid=8158471586287387457,GFC Construction Inc,General contractor,"10474 Hwy 82 E, Duncanville, AL 35456",null,null,,(205) 758-1948,,0,4.100000,null,33.123812,-87.481501,8158471586287387457,,,https://search.google.com/local/reviews?placeid=ChIJte4AzsGriIgRQQPHqq62OHE&authuser=0&hl=en&gl=US,https://streetviewpixels-pa.googleapis.com/v1/thumbnail?panoid=kgW2o5Y_0yYRMW4tCydDaA&cb_client=search.gws-prod.gps&w=80&h=92&yaw=65.41783&pitch=0&thumbfov=100,,,,null,null,null,"{""link"":"""",""source"":""""}","{""id"":"""",""name"":"""",""link"":""""}","{""borough"":"""",""street"":"""",""city"":"""",""postal_code"":"""",""state"":"""",""country"":""""}",null,null,null,
construction company in alabama,https://www.google.com/maps?cid=2798493782716169576,Wiregrass Construction - Montgomery Office,Asphalt contractor,"1342 Carmichael Way, Montgomery, AL 36106",null,null,www.wiregrassconstruction.com/,(334) 356-2560,,0,4.100000,null,32.356319,-86.238946,2798493782716169576,,,https://search.google.com/local/reviews?placeid=ChIJk1MpLGYqjIgRaL3vsEQ_1iY&authuser=0&hl=en&gl=US,https://streetviewpixels-pa.googleapis.com/v1/thumbnail?panoid=2lNJdWj4eGqb1daUZ50kIg&cb_client=search.gws-prod.gps&w=80&h=92&yaw=105.48418&pitch=0&thumbfov=100,,,,null,null,null,"{""link"":"""",""source"":""""}","{""id"":"""",""name"":"""",""link"":""""}","{""borough"":"""",""street"":"""",""city"":"""",""postal_code"":"""",""state"":"""",""country"":""""}",null,null,null,
